alcaldia,periodo,expuestos,siniestros,mes
1,201701,658.4741172,242,1
1,201702,601.4931368,194,2
1,201703,506.3693594,221,3
1,201704,434.1436144,129,4
1,201705,426.676012,151,5
1,201706,236.8921793,105,6
1,201707,125.8428909,29,7
1,201708,164.0000449,49,8
1,201709,188.5896891,84,9
1,201710,399.1488516,161,10
1,201711,625.9866346,218,11
1,201712,659.4823362,167,12
1,201801,835.6384529,142,1
1,201802,788.6259323,162,2
1,201803,747.8105974,133,3
1,201804,551.5120896,95,4
1,201805,602.7734525,117,5
1,201806,337.2014876,85,6
1,201807,353.3155021,54,7
1,201808,146.858186,33,8
1,201809,296.7179685,63,9
1,201810,466.3347049,127,10
1,201811,623.6350442,181,11
1,201812,754.3895449,134,12
1,201901,681.2560044,150,1
1,201902,551.3964562,168,2
1,201903,632.4957668,158,3
1,201904,553.0676988,117,4
1,201905,533.8861091,104,5
1,201906,300.2004365,48,6
1,201907,159.3197882,30,7
1,201908,333.1816923,70,8
1,201909,283.7123902,65,9
1,201910,378.8829812,89,10
1,201911,563.9957431,148,11
1,201912,718.7316675,128,12
1,202001,664.0195913,116,1
1,202002,591.0129224,139,2
1,202003,625.1571008,107,3
1,202004,469.8639984,22,4
1,202005,474.4729324,26,5
1,202006,417.4778598,28,6
1,202007,120.3097052,6,7
1,202008,176.2719787,28,8
1,202009,271.8047112,43,9
1,202010,491.8317432,62,10
1,202011,572.8204917,63,11
1,202012,602.105303,76,12
1,202101,587.0687988,47,1
1,202102,540.0898181,70,2
1,202103,602.6726948,62,3
1,202104,519.8815597,49,4
1,202105,320.6660918,39,5
1,202106,303.006197,41,6
1,202107,289.527242,29,7
1,202108,238.5138855,22,8
1,202109,416.3589489,33,9
1,202110,658.1510965,67,10
1,202111,884.430617,106,11
1,202112,895.0315765,91,12
1,202201,814.8585082,68,1
1,202202,852.8375485,74,2
1,202203,943.0864687,84,3
1,202204,674.3702372,52,4
1,202205,932.9486901,81,5
1,202206,472.273041,46,6
1,202207,351.6777371,31,7
1,202208,334.4954364,36,8
1,202209,637.6990652,50,9
1,202210,839.222723,87,10
1,202211,934.4571342,101,11
1,202212,961.782459,111,12
1,202301,1087.474394,91,1
1,202302,887.4931258,113,2
1,202303,747.5621665,86,3
1,202304,807.0689453,104,4
1,202305,373.6269528,53,5
1,202306,725.2743787,121,6
1,202307,124.2204436,34,7
1,202308,357.6855616,153,8
1,202309,377.2530586,93,9
1,202310,414.9407023,104,10
1,202311,250.3669034,94,11
1,202312,185.6851661,88,12
2,201701,481.8274951,78,1
2,201702,400.1972542,84,2
2,201703,319.6211035,71,3
2,201704,257.7416895,60,4
2,201705,241.7002735,58,5
2,201706,132.9479229,37,6
2,201707,71.38887937,8,7
2,201708,103.6526964,31,8
2,201709,128.1622611,31,9
2,201710,268.9421724,55,10
2,201711,345.6823766,81,11
2,201712,373.8055638,74,12
2,201801,493.3999339,52,1
2,201802,543.212908,74,2
2,201803,445.7424784,59,3
2,201804,326.2193641,45,4
2,201805,357.3664106,49,5
2,201806,199.3707556,39,6
2,201807,207.0512176,26,7
2,201808,85.87540576,9,8
2,201809,171.7051165,16,9
2,201810,270.4050115,38,10
2,201811,388.5177077,55,11
2,201812,454.7758586,78,12
2,201901,396.6761855,47,1
2,201902,341.2954904,47,2
2,201903,429.0100793,57,3
2,201904,390.5229586,45,4
2,201905,387.2537233,46,5
2,201906,219.7855982,17,6
2,201907,118.4166421,10,7
2,201908,255.5276745,22,8
2,201909,279.433642,26,9
2,201910,407.6920919,37,10
2,201911,604.1281667,58,11
2,201912,765.0713988,71,12
2,202001,719.4950009,55,1
2,202002,672.4549638,67,2
2,202003,700.8057282,45,3
2,202004,519.8351757,11,4
2,202005,535.1318932,17,5
2,202006,484.7765277,13,6
2,202007,140.2027739,8,7
2,202008,208.7555042,12,8
2,202009,296.8960184,13,9
2,202010,503.1375393,40,10
2,202011,561.2125197,20,11
2,202012,558.9015786,36,12
2,202101,522.9919877,34,1
2,202102,489.5533104,29,2
2,202103,552.6470535,41,3
2,202104,478.2459237,39,4
2,202105,303.8798749,21,5
2,202106,290.9700266,18,6
2,202107,224.3509125,11,7
2,202108,186.8026935,17,8
2,202109,332.0392312,15,9
2,202110,519.7289724,26,10
2,202111,709.6168093,48,11
2,202112,732.5887609,47,12
2,202201,662.7851247,36,1
2,202202,610.9221903,42,2
2,202203,659.3609003,49,3
2,202204,475.550304,27,4
2,202205,661.6547628,35,5
2,202206,333.3522355,25,6
2,202207,249.0726107,12,7
2,202208,235.2687232,10,8
2,202209,448.0363684,38,9
2,202210,608.690104,50,10
2,202211,686.870498,53,11
2,202212,694.1017892,51,12
2,202301,1005.348882,45,1
2,202302,940.9177777,52,2
2,202303,784.1568675,41,3
2,202304,857.3383707,52,4
2,202305,419.274682,25,5
2,202306,901.3018607,68,6
2,202307,214.9023906,18,7
2,202308,667.5157677,69,8
2,202309,765.4234494,33,9
2,202310,931.9065992,39,10
2,202311,883.9090059,56,11
2,202312,791.8073047,51,12
3,201701,959.7947313,227,1
3,201702,782.2903916,230,2
3,201703,621.9554191,205,3
3,201704,533.7403738,148,4
3,201705,526.3149217,169,5
3,201706,290.5673722,102,6
3,201707,144.0861998,47,7
3,201708,201.5166159,83,8
3,201709,243.9562961,84,9
3,201710,508.4522635,154,10
3,201711,671.7483007,226,11
3,201712,710.5015281,175,12
3,201801,746.834103,184,1
3,201802,631.0766722,167,2
3,201803,653.9219311,136,3
3,201804,477.1975276,113,4
3,201805,516.8768287,134,5
3,201806,284.9212246,102,6
3,201807,290.8794279,68,7
3,201808,119.8095714,23,8
3,201809,238.7005854,60,9
3,201810,373.7934536,93,10
3,201811,504.0895663,163,11
3,201812,671.1724971,159,12
3,201901,615.6033041,140,1
3,201902,509.0066398,139,2
3,201903,605.2455608,146,3
3,201904,530.2205632,106,4
3,201905,522.1317275,110,5
3,201906,298.5692041,55,6
3,201907,158.0831112,28,7
3,201908,332.9006488,78,8
3,201909,308.8112852,77,9
3,201910,456.283708,85,10
3,201911,683.8793624,143,11
3,201912,870.7344441,150,12
3,202001,839.7156015,146,1
3,202002,807.4792427,122,2
3,202003,866.2967041,105,3
3,202004,658.4633697,32,4
3,202005,663.1343957,31,5
3,202006,585.3902849,37,6
3,202007,167.1250945,12,7
3,202008,246.824359,22,8
3,202009,378.1446172,45,9
3,202010,669.5162794,72,10
3,202011,776.8720106,93,11
3,202012,812.1954939,75,12
3,202101,785.7425512,51,1
3,202102,739.9532036,80,2
3,202103,844.6400475,81,3
3,202104,720.9245897,77,4
3,202105,455.071771,52,5
3,202106,430.2809716,40,6
3,202107,328.240464,37,7
3,202108,270.8582138,33,8
3,202109,478.4767304,43,9
3,202110,752.5790483,75,10
3,202111,1026.088222,126,11
3,202112,1030.560548,106,12
3,202201,944.6446659,82,1
3,202202,876.3209122,83,2
3,202203,949.0925688,103,3
3,202204,675.6785403,80,4
3,202205,932.1237503,118,5
3,202206,466.9626286,67,6
3,202207,344.1121234,31,7
3,202208,320.5432446,36,8
3,202209,596.6428116,81,9
3,202210,803.6768918,81,10
3,202211,909.0982029,117,11
3,202212,949.8060439,121,12
3,202301,1011.45493,108,1
3,202302,937.1068191,111,2
3,202303,806.8092819,116,3
3,202304,904.1306308,128,4
3,202305,422.1964713,80,5
3,202306,850.1054877,145,6
3,202307,201.5570936,36,7
3,202308,616.8116454,162,8
3,202309,666.2746392,114,9
3,202310,744.6257372,139,10
3,202311,684.0259885,159,11
3,202312,593.5529878,132,12
4,201701,509.1918925,178,1
4,201702,448.0849189,189,2
4,201703,367.7526219,161,3
4,201704,313.5514042,110,4
4,201705,311.7898189,137,5
4,201706,174.3093155,74,6
4,201707,97.23104174,30,7
4,201708,137.4335269,56,8
4,201709,167.639542,65,9
4,201710,345.5385653,149,10
4,201711,438.8851654,162,11
4,201712,473.7781888,185,12
4,201801,483.868246,137,1
4,201802,425.4057568,133,2
4,201803,422.5917868,123,3
4,201804,311.8423668,84,4
4,201805,341.299239,122,5
4,201806,188.809495,61,6
4,201807,195.9760051,43,7
4,201808,80.78260732,27,8
4,201809,159.7361579,50,9
4,201810,249.9776071,92,10
4,201811,338.5572541,139,11
4,201812,436.3045382,126,12
4,201901,421.6677895,123,1
4,201902,330.5988149,135,2
4,201903,387.5309728,119,3
4,201904,339.6582656,84,4
4,201905,330.9544483,119,5
4,201906,191.8931637,55,6
4,201907,101.5782816,30,7
4,201908,213.8034052,73,8
4,201909,187.3746192,49,9
4,201910,251.2364679,95,10
4,201911,374.0618446,124,11
4,201912,482.8466833,130,12
4,202001,454.0084066,120,1
4,202002,440.0139677,121,2
4,202003,470.0897221,75,3
4,202004,359.6127943,18,4
4,202005,366.0439184,26,5
4,202006,321.6714121,37,6
4,202007,91.63378159,9,7
4,202008,137.1953458,21,8
4,202009,217.1036751,29,9
4,202010,390.0995127,59,10
4,202011,459.4158598,82,11
4,202012,481.5140223,57,12
4,202101,508.5419563,56,1
4,202102,482.5866788,47,2
4,202103,550.1123616,63,3
4,202104,476.3629939,57,4
4,202105,298.4117346,35,5
4,202106,280.0845397,40,6
4,202107,216.6752589,18,7
4,202108,181.8202795,18,8
4,202109,322.2507641,42,9
4,202110,507.5302954,48,10
4,202111,691.8277691,98,11
4,202112,697.0951599,100,12
4,202201,648.6468072,69,1
4,202202,602.8179869,85,2
4,202203,652.9968775,107,3
4,202204,462.8680139,71,4
4,202205,631.2773821,102,5
4,202206,313.2871105,49,6
4,202207,228.1893759,39,7
4,202208,212.0349566,35,8
4,202209,398.624597,80,9
4,202210,537.1654765,89,10
4,202211,605.543886,90,11
4,202212,631.649808,94,12
4,202301,636.885687,78,1
4,202302,591.6602572,112,2
4,202303,490.8199042,100,3
4,202304,521.7925248,93,4
4,202305,238.3222806,49,5
4,202306,470.1189772,112,6
4,202307,106.718893,26,7
4,202308,305.7863698,125,8
4,202309,324.3752526,102,9
4,202310,369.7923206,102,10
4,202311,319.1429008,129,11
4,202312,254.2104907,105,12
5,201701,202.7452495,71,1
5,201702,180.5260234,78,2
5,201703,145.0754209,58,3
5,201704,122.9891081,48,4
5,201705,119.528877,57,5
5,201706,65.30277416,34,6
5,201707,35.48131573,10,7
5,201708,50.01238471,11,8
5,201709,60.74523808,25,9
5,201710,125.1203117,58,10
5,201711,160.4576211,65,11
5,201712,172.3096277,39,12
5,201801,162.4820514,56,1
5,201802,125.4911714,59,2
5,201803,143.3208445,60,3
5,201804,107.1403342,35,4
5,201805,117.6580027,34,5
5,201806,58.3619363,33,6
5,201807,60.37120227,25,7
5,201808,24.85815847,7,8
5,201809,49.23107647,20,9
5,201810,76.01380423,29,10
5,201811,100.6494705,46,11
5,201812,145.240915,35,12
5,201901,129.1842964,40,1
5,201902,110.8978439,46,2
5,201903,130.9331277,34,3
5,201904,117.9573249,30,4
5,201905,123.0755808,26,5
5,201906,71.07976447,10,6
5,201907,37.40902315,9,7
5,201908,77.6500394,26,8
5,201909,68.16158912,10,9
5,201910,91.90969815,28,10
5,201911,135.801445,38,11
5,201912,174.0657921,26,12
5,202001,155.3944665,22,1
5,202002,149.8800146,41,2
5,202003,160.6982253,24,3
5,202004,123.3547686,7,4
5,202005,126.4509347,9,5
5,202006,112.1169583,8,6
5,202007,31.94768748,5,7
5,202008,47.06408476,5,8
5,202009,72.95346399,15,9
5,202010,129.8652522,16,10
5,202011,152.0792602,21,11
5,202012,158.9774979,23,12
5,202101,155.3672459,18,1
5,202102,144.5503862,18,2
5,202103,162.6098445,14,3
5,202104,135.7556889,17,4
5,202105,78.79524532,10,5
5,202106,73.29867034,9,6
5,202107,56.88291174,6,7
5,202108,47.19753608,8,8
5,202109,82.52588913,11,9
5,202110,125.6362637,22,10
5,202111,171.8713236,46,11
5,202112,173.7057386,18,12
5,202201,158.6211573,15,1
5,202202,137.7910914,15,2
5,202203,149.9138645,23,3
5,202204,107.2242588,20,4
5,202205,148.4677316,20,5
5,202206,74.8278024,16,6
5,202207,55.67927661,5,7
5,202208,53.58083412,9,8
5,202209,101.6165842,16,9
5,202210,139.5469159,27,10
5,202211,156.1472973,28,11
5,202212,161.9212906,30,12
5,202301,179.5519625,39,1
5,202302,162.9945151,35,2
5,202303,123.7345395,28,3
5,202304,140.6690196,28,4
5,202305,85.13479514,14,5
5,202306,218.0412067,42,6
5,202307,60.47831524,6,7
5,202308,211.8756623,30,8
5,202309,270.3969643,30,9
5,202310,356.938436,24,10
5,202311,373.871169,37,11
5,202312,376.9822953,34,12
6,201701,877.0166073,215,1
6,201702,756.3835426,214,2
6,201703,621.0857803,184,3
6,201704,534.0859586,147,4
6,201705,452.2392521,152,5
6,201706,256.9834247,90,6
6,201707,136.9606139,45,7
6,201708,193.0596999,58,8
6,201709,233.2614959,80,9
6,201710,476.7209196,118,10
6,201711,680.3839246,211,11
6,201712,696.3453597,175,12
6,201801,740.6599079,155,1
6,201802,583.6019562,152,2
6,201803,648.1110594,135,3
6,201804,477.8304067,103,4
6,201805,523.2153218,115,5
6,201806,291.9505831,123,6
6,201807,306.1193794,73,7
6,201808,127.2492555,35,8
6,201809,254.0960282,54,9
6,201810,399.1092374,96,10
6,201811,464.499488,167,11
6,201812,666.3156657,153,12
6,201901,502.5180075,144,1
6,201902,395.7463688,140,2
6,201903,465.1613919,126,3
6,201904,407.0029592,122,4
6,201905,391.9626817,112,5
6,201906,224.9642307,77,6
6,201907,117.4948565,43,7
6,201908,242.9616096,90,8
6,201909,209.3381005,59,9
6,201910,276.8363843,74,10
6,201911,496.8130557,123,11
6,201912,629.9809627,143,12
6,202001,630.9763672,107,1
6,202002,604.6280389,145,2
6,202003,641.619057,93,3
6,202004,489.0592593,25,4
6,202005,499.8035615,30,5
6,202006,440.7819831,20,6
6,202007,125.9650316,11,7
6,202008,186.4117961,20,8
6,202009,289.029196,36,9
6,202010,508.5396607,67,10
6,202011,584.4099053,75,11
6,202012,606.0717222,70,12
6,202101,582.3888167,63,1
6,202102,539.4055607,72,2
6,202103,603.9612483,85,3
6,202104,511.4143388,65,4
6,202105,311.0759873,57,5
6,202106,283.6925797,45,6
6,202107,215.6421174,26,7
6,202108,178.4385739,35,8
6,202109,310.5866522,34,9
6,202110,479.29096,73,10
6,202111,646.8277486,116,11
6,202112,647.9709805,107,12
6,202201,540.9092682,75,1
6,202202,502.4339384,89,2
6,202203,542.1858914,102,3
6,202204,383.9841357,59,4
6,202205,536.1791747,99,5
6,202206,271.4033417,39,6
6,202207,201.8398186,44,7
6,202208,189.2903648,45,8
6,202209,359.4050348,68,9
6,202210,483.0387292,99,10
6,202211,530.4121579,115,11
6,202212,551.4515596,130,12
6,202301,608.8794954,100,1
6,202302,567.0821754,122,2
6,202303,466.4905139,110,3
6,202304,500.5664855,93,4
6,202305,233.7715071,43,5
6,202306,470.6418085,92,6
6,202307,107.5763389,30,7
6,202308,317.5102088,178,8
6,202309,343.6746004,77,9
6,202310,404.6987208,105,10
6,202311,334.1959366,208,11
6,202312,280.3088456,144,12
7,201701,618.3371226,164,1
7,201702,554.4054659,165,2
7,201703,461.36219,168,3
7,201704,394.4170221,109,4
7,201705,394.3967301,119,5
7,201706,223.3697989,77,6
7,201707,122.2596821,35,7
7,201708,174.7026468,50,8
7,201709,214.5820331,56,9
7,201710,447.8148578,124,10
7,201711,571.4715328,177,11
7,201712,623.0220565,159,12
7,201801,616.5608962,121,1
7,201802,548.5878889,148,2
7,201803,544.5074149,109,3
7,201804,403.8232418,91,4
7,201805,442.1176449,115,5
7,201806,244.4056122,80,6
7,201807,255.0968302,46,7
7,201808,105.4587067,20,8
7,201809,209.001938,38,9
7,201810,327.1778022,84,10
7,201811,437.3092118,101,11
7,201812,556.8640568,120,12
7,201901,547.3761677,118,1
7,201902,432.0610428,108,2
7,201903,506.3781935,123,3
7,201904,447.9235297,76,4
7,201905,437.7689096,93,5
7,201906,253.9773976,48,6
7,201907,134.2831056,23,7
7,201908,280.9037305,68,8
7,201909,244.6862475,60,9
7,201910,328.9557077,65,10
7,201911,499.5847428,112,11
7,201912,650.3617899,123,12
7,202001,606.1784816,96,1
7,202002,586.2197262,115,2
7,202003,625.3544475,79,3
7,202004,479.0356865,45,4
7,202005,490.7274645,23,5
7,202006,428.7911093,42,6
7,202007,121.4089541,13,7
7,202008,182.6065807,20,8
7,202009,290.6158604,36,9
7,202010,526.308114,60,10
7,202011,620.4414245,79,11
7,202012,655.3576337,76,12
7,202101,645.2789732,62,1
7,202102,617.3753244,76,2
7,202103,716.3439488,93,3
7,202104,622.0034356,72,4
7,202105,387.1760485,48,5
7,202106,363.0809327,43,6
7,202107,283.0119949,38,7
7,202108,235.8632432,30,8
7,202109,412.9887151,55,9
7,202110,647.6945346,90,10
7,202111,882.7100617,117,11
7,202112,889.7315259,116,12
7,202201,806.4518799,98,1
7,202202,743.4124032,94,2
7,202203,801.6532028,118,3
7,202204,562.972908,63,4
7,202205,770.2159927,106,5
7,202206,383.9050464,58,6
7,202207,280.4523059,41,7
7,202208,258.6241851,42,8
7,202209,483.9009908,58,9
7,202210,647.7321825,76,10
7,202211,723.2823946,102,11
7,202212,743.8090012,115,12
7,202301,821.2896172,111,1
7,202302,756.8301152,109,2
7,202303,617.024175,82,3
7,202304,662.2651998,117,4
7,202305,316.4691821,66,5
7,202306,663.4021813,124,6
7,202307,155.7147498,26,7
7,202308,470.0795572,153,8
7,202309,524.1388615,101,9
7,202310,623.4681753,122,10
7,202311,578.6547498,117,11
7,202312,508.9526828,99,12
8,201701,249.7781375,61,1
8,201702,222.7424606,66,2
8,201703,184.8011017,60,3
8,201704,159.2559766,48,4
8,201705,159.642192,45,5
8,201706,89.84726235,23,6
8,201707,48.68140715,13,7
8,201708,69.04464648,19,8
8,201709,84.759498,25,9
8,201710,174.9995971,40,10
8,201711,223.5069677,66,11
8,201712,242.5479987,63,12
8,201801,239.6889615,65,1
8,201802,222.3200492,46,2
8,201803,214.321746,51,3
8,201804,159.7069384,28,4
8,201805,176.3659255,37,5
8,201806,97.6251019,34,6
8,201807,102.4332531,18,7
8,201808,42.60053971,13,8
8,201809,85.01283147,24,9
8,201810,133.2320227,40,10
8,201811,179.0503232,52,11
8,201812,218.7033076,46,12
8,201901,220.8838296,53,1
8,201902,173.6406994,44,2
8,201903,203.4906337,58,3
8,201904,177.9770829,31,4
8,201905,171.4785444,42,5
8,201906,98.97576126,16,6
8,201907,51.81238445,16,7
8,201908,108.4998032,28,8
8,201909,94.41210497,26,9
8,201910,126.7660908,32,10
8,201911,191.7147137,51,11
8,201912,252.5534804,71,12
8,202001,238.8278031,43,1
8,202002,231.2638569,44,2
8,202003,245.8503429,39,3
8,202004,187.8700545,25,4
8,202005,191.8929294,11,5
8,202006,168.77635,17,6
8,202007,48.20257407,1,7
8,202008,71.7415094,14,8
8,202009,112.5038031,12,9
8,202010,204.7150248,30,10
8,202011,241.7435962,41,11
8,202012,252.9863553,39,12
8,202101,248.3466729,33,1
8,202102,237.589426,38,2
8,202103,270.1830033,35,3
8,202104,232.3783892,31,4
8,202105,143.6649021,20,5
8,202106,132.7584305,18,6
8,202107,102.3597225,11,7
8,202108,85.22564867,7,8
8,202109,149.0380701,19,9
8,202110,232.4067684,25,10
8,202111,314.1645511,39,11
8,202112,313.5617122,40,12
8,202201,283.5370471,46,1
8,202202,260.7411857,43,2
8,202203,280.8501738,43,3
8,202204,196.2119787,26,4
8,202205,269.5843272,40,5
8,202206,134.0555975,12,6
8,202207,97.60899702,15,7
8,202208,89.8473026,13,8
8,202209,168.1696787,29,9
8,202210,226.2659803,28,10
8,202211,252.9077136,51,11
8,202212,258.9447322,34,12
8,202301,285.3778795,39,1
8,202302,263.5178014,35,2
8,202303,217.2529873,36,3
8,202304,231.5115419,41,4
8,202305,106.7623751,18,5
8,202306,215.1279693,42,6
8,202307,50.14017929,13,7
8,202308,151.6734574,62,8
8,202309,169.2707946,35,9
8,202310,197.4977608,46,10
8,202311,180.1061485,64,11
8,202312,152.8701145,47,12
9,201701,632.2467152,205,1
9,201702,576.6246417,193,2
9,201703,480.1337357,128,3
9,201704,409.837119,115,4
9,201705,402.381177,129,5
9,201706,226.3900749,77,6
9,201707,122.8634822,46,7
9,201708,175.7684885,48,8
9,201709,218.5962831,58,9
9,201710,456.4582544,131,10
9,201711,585.7126385,161,11
9,201712,649.1289152,173,12
9,201801,644.2640398,143,1
9,201802,579.4313611,142,2
9,201803,567.4614615,135,3
9,201804,422.6879095,90,4
9,201805,464.5551228,135,5
9,201806,255.9698711,100,6
9,201807,267.6249828,57,7
9,201808,110.8382923,31,8
9,201809,219.9626754,56,9
9,201810,343.8961449,86,10
9,201811,462.8759431,120,11
9,201812,577.5984804,168,12
9,201901,573.9400304,159,1
9,201902,452.8813954,120,2
9,201903,527.3973779,162,3
9,201904,462.2555931,88,4
9,201905,449.8856671,111,5
9,201906,259.3234273,65,6
9,201907,136.6209763,44,7
9,201908,284.6845533,93,8
9,201909,246.8457926,83,9
9,201910,331.0831495,94,10
9,201911,501.3587182,133,11
9,201912,651.0741182,184,12
9,202001,612.2684551,129,1
9,202002,589.71146,152,2
9,202003,627.5586038,113,3
9,202004,476.4941342,46,4
9,202005,483.7415141,41,5
9,202006,423.3719261,43,6
9,202007,119.8664005,18,7
9,202008,179.4273486,29,8
9,202009,283.4585978,52,9
9,202010,507.7066965,82,10
9,202011,594.619493,88,11
9,202012,627.7385357,100,12
9,202101,614.2824148,104,1
9,202102,579.9716088,100,2
9,202103,663.1685072,120,3
9,202104,571.1645025,89,4
9,202105,349.6371972,58,5
9,202106,322.4604533,51,6
9,202107,250.0999235,41,7
9,202108,208.7777755,30,8
9,202109,365.2646708,55,9
9,202110,573.6411366,83,10
9,202111,780.6716507,116,11
9,202112,783.7385705,138,12
9,202201,708.4142959,111,1
9,202202,653.3267921,123,2
9,202203,709.3783283,93,3
9,202204,501.739084,87,4
9,202205,695.6765144,120,5
9,202206,350.8019245,60,6
9,202207,257.3583951,39,7
9,202208,237.4600619,35,8
9,202209,443.2639834,65,9
9,202210,596.0853295,93,10
9,202211,668.4520469,115,11
9,202212,686.4635192,125,12
9,202301,751.7606618,151,1
9,202302,696.1506645,112,2
9,202303,579.5879314,84,3
9,202304,617.9638113,133,4
9,202305,275.1049677,62,5
9,202306,523.8610192,143,6
9,202307,116.6577377,31,7
9,202308,330.7578834,165,8
9,202309,342.0355372,113,9
9,202310,375.7489422,132,10
9,202311,310.3161156,150,11
9,202312,229.2187473,165,12
10,201701,209.9315541,26,1
10,201702,184.9917765,27,2
10,201703,151.504408,15,3
10,201704,128.2389733,18,4
10,201705,122.870642,23,5
10,201706,67.63565176,15,6
10,201707,36.60354302,4,7
10,201708,52.20681655,10,8
10,201709,64.4898972,13,9
10,201710,136.9092653,27,10
10,201711,174.3315995,21,11
10,201712,183.3562059,36,12
10,201801,178.8363633,24,1
10,201802,146.9910839,25,2
10,201803,154.4476699,27,3
10,201804,116.5299285,14,4
10,201805,129.4547369,27,5
10,201806,70.23513246,14,6
10,201807,71.41035596,12,7
10,201808,28.91648894,6,8
10,201809,56.56441343,9,9
10,201810,87.85932088,12,10
10,201811,117.6296921,18,11
10,201812,160.1753381,25,12
10,201901,146.0362678,18,1
10,201902,114.7679029,15,2
10,201903,134.8281328,22,3
10,201904,116.7430773,11,4
10,201905,115.4755803,16,5
10,201906,68.52131572,12,6
10,201907,36.35670288,5,7
10,201908,75.51305265,12,8
10,201909,63.75345864,11,9
10,201910,83.22564814,10,10
10,201911,124.5594273,20,11
10,201912,161.8055163,22,12
10,202001,150.37352,14,1
10,202002,141.8728349,18,2
10,202003,147.2631346,12,3
10,202004,109.0899216,5,4
10,202005,108.8217657,3,5
10,202006,93.0484544,8,6
10,202007,25.94291379,4,7
10,202008,38.30111303,3,8
10,202009,60.57336539,5,9
10,202010,108.6478368,8,10
10,202011,125.5184224,15,11
10,202012,130.549741,7,12
10,202101,127.5128857,10,1
10,202102,118.4644782,14,2
10,202103,132.9147441,8,3
10,202104,111.9947634,12,4
10,202105,68.53063871,7,5
10,202106,64.61610876,4,6
10,202107,50.87495613,1,7
10,202108,42.84649636,3,8
10,202109,75.39419561,6,9
10,202110,118.5453207,14,10
10,202111,160.8603598,28,11
10,202112,160.6982236,20,12
10,202201,145.4420995,11,1
10,202202,133.8845361,16,2
10,202203,144.6904435,15,3
10,202204,101.9910148,8,4
10,202205,139.4625147,14,5
10,202206,69.57556255,4,6
10,202207,51.28088062,8,7
10,202208,47.86982898,5,8
10,202209,91.24890692,14,9
10,202210,123.2487239,9,10
10,202211,138.6358728,17,11
10,202212,143.3851836,17,12
10,202301,158.3279175,13,1
10,202302,150.2931454,22,2
10,202303,114.2824855,10,3
10,202304,121.3813378,28,4
10,202305,67.94451325,7,5
10,202306,172.7694923,18,6
10,202307,47.10014276,5,7
10,202308,164.5890764,26,8
10,202309,212.2208811,19,9
10,202310,292.3128771,26,10
10,202311,396.6749806,13,11
10,202312,388.4598599,15,12
11,201701,1570.627754,268,1
11,201702,1389.775299,314,2
11,201703,1106.435248,229,3
11,201704,907.5597332,169,4
11,201705,860.8262387,221,5
11,201706,473.1646266,128,6
11,201707,241.3704466,51,7
11,201708,341.6739622,72,8
11,201709,403.7339232,105,9
11,201710,821.3771203,246,10
11,201711,1022.151241,280,11
11,201712,1055.923523,233,12
11,201801,988.404287,200,1
11,201802,703.5544937,259,2
11,201803,829.9648265,153,3
11,201804,591.9175757,153,4
11,201805,624.9935294,201,5
11,201806,313.5792907,120,6
11,201807,325.7308727,87,7
11,201808,136.4268978,58,8
11,201809,263.2668092,58,9
11,201810,409.5958511,120,10
11,201811,555.6492073,191,11
11,201812,880.4235693,168,12
11,201901,686.7071791,208,1
11,201902,542.4234664,165,2
11,201903,627.7544494,195,3
11,201904,534.6786359,140,4
11,201905,514.9021148,152,5
11,201906,281.9101942,82,6
11,201907,147.0204473,44,7
11,201908,303.4229582,94,8
11,201909,257.4951155,71,9
11,201910,339.9234534,108,10
11,201911,505.2628245,178,11
11,201912,634.4275391,176,12
11,202001,577.6810837,163,1
11,202002,552.9715444,170,2
11,202003,586.4870062,114,3
11,202004,448.2195937,26,4
11,202005,450.5169378,24,5
11,202006,386.8477006,32,6
11,202007,106.5322384,8,7
11,202008,158.3698101,21,8
11,202009,247.2631457,43,9
11,202010,436.8980223,65,10
11,202011,508.1464672,75,11
11,202012,535.3629116,75,12
11,202101,516.6025035,77,1
11,202102,490.2613254,66,2
11,202103,559.8958341,103,3
11,202104,470.7070942,71,4
11,202105,286.679342,52,5
11,202106,268.8218845,54,6
11,202107,214.5082236,22,7
11,202108,174.9557616,20,8
11,202109,302.1073766,50,9
11,202110,465.4629422,70,10
11,202111,626.5564783,121,11
11,202112,612.0531661,110,12
11,202201,566.4775456,80,1
11,202202,519.3541929,105,2
11,202203,557.2739168,129,3
11,202204,391.2544563,81,4
11,202205,535.1359557,104,5
11,202206,262.260596,58,6
11,202207,191.0585216,47,7
11,202208,178.2700361,44,8
11,202209,335.5599992,81,9
11,202210,454.3674902,113,10
11,202211,511.6897666,120,11
11,202212,528.9066145,134,12
11,202301,580.6187716,109,1
11,202302,542.1314884,107,2
11,202303,449.7918783,94,3
11,202304,480.6395343,108,4
11,202305,217.0011959,60,5
11,202306,417.9226039,133,6
11,202307,93.47381714,29,7
11,202308,271.4351301,151,8
11,202309,288.9205282,99,9
11,202310,324.0114879,122,10
11,202311,276.1137119,140,11
11,202312,218.0417911,142,12
12,201701,13.4821946,6,1
12,201702,12.7753422,2,2
12,201703,10.73477946,2,3
12,201704,8.9607353,2,4
12,201705,8.880868026,2,5
12,201706,4.941189803,0,6
12,201707,2.780203887,1,7
12,201708,4.250111484,0,8
12,201709,5.19013988,4,9
12,201710,11.44109837,1,10
12,201711,15.5013776,1,11
12,201712,18.6849362,2,12
12,201801,19.02236365,4,1
12,201802,19.02721893,3,2
12,201803,17.53204121,1,3
12,201804,13.33808952,5,4
12,201805,14.59832426,1,5
12,201806,8.124205295,2,6
12,201807,8.838534929,0,7
12,201808,3.733982306,0,8
12,201809,7.477629533,0,9
12,201810,11.7889553,1,10
12,201811,15.48859222,0,11
12,201812,17.77419308,2,12
12,201901,18.95714081,2,1
12,201902,14.78277831,3,2
12,201903,17.47061825,4,3
12,201904,15.3972684,2,4
12,201905,14.87365995,4,5
12,201906,8.7438403,2,6
12,201907,4.525409723,0,7
12,201908,9.151128968,3,8
12,201909,8.271328217,1,9
12,201910,11.45002486,1,10
12,201911,17.74430192,2,11
12,201912,23.8137043,4,12
12,202001,22.77119365,5,1
12,202002,21.68842654,1,2
12,202003,22.86938232,2,3
12,202004,17.43124189,2,4
12,202005,18.08997328,1,5
12,202006,16.20457533,0,6
12,202007,4.822272426,1,7
12,202008,7.253293703,1,8
12,202009,11.34703799,1,9
12,202010,20.05303121,3,10
12,202011,23.4383684,3,11
12,202012,24.40831297,2,12
12,202101,22.98215284,1,1
12,202102,21.80606622,1,2
12,202103,24.36589132,5,3
12,202104,20.87836712,1,4
12,202105,12.63880088,2,5
12,202106,11.59763206,2,6
12,202107,8.902344032,0,7
12,202108,7.625984929,2,8
12,202109,13.53589781,0,9
12,202110,21.18338945,1,10
12,202111,28.9890563,0,11
12,202112,28.36147335,5,12
12,202201,25.62077476,4,1
12,202202,23.44178018,1,2
12,202203,25.46567065,1,3
12,202204,18.41179053,0,4
12,202205,25.43933432,2,5
12,202206,12.67471019,1,6
12,202207,9.02210881,1,7
12,202208,8.271411532,1,8
12,202209,15.57480296,2,9
12,202210,21.16447654,3,10
12,202211,23.83928179,0,11
12,202212,24.68299282,0,12
12,202301,27.11799116,4,1
12,202302,22.4109579,2,2
12,202303,12.42589846,2,3
12,202304,17.75114725,5,4
12,202305,19.102434,1,5
12,202306,66.33336417,6,6
12,202307,21.20230241,1,7
12,202308,86.6926206,3,8
12,202309,120.6568914,3,9
12,202310,170.267161,4,10
12,202311,187.7331986,2,11
12,202312,199.0152245,0,12
13,201701,80.2520729,16,1
13,201702,71.6219155,24,2
13,201703,58.72630622,13,3
13,201704,49.34030127,13,4
13,201705,48.26037293,10,5
13,201706,27.63362203,8,6
13,201707,15.39505425,4,7
13,201708,22.05038052,3,8
13,201709,27.5452202,8,9
13,201710,57.29457755,13,10
13,201711,74.5233256,29,11
13,201712,84.3150874,32,12
13,201801,85.90050466,15,1
13,201802,81.54522311,8,2
13,201803,78.14628387,10,3
13,201804,58.26743034,12,4
13,201805,63.59701006,10,5
13,201806,34.7251333,9,6
13,201807,36.15060461,4,7
13,201808,14.89394944,4,8
13,201809,29.7159977,7,9
13,201810,46.7429184,7,10
13,201811,63.99597452,13,11
13,201812,79.53150446,19,12
13,201901,81.6085019,15,1
13,201902,65.01134803,9,2
13,201903,76.49210737,13,3
13,201904,67.16496816,10,4
13,201905,65.87936222,10,5
13,201906,37.88878756,7,6
13,201907,19.86416695,3,7
13,201908,41.88069881,12,8
13,201909,37.3949059,4,9
13,201910,50.03845598,6,10
13,201911,75.26944642,16,11
13,201912,98.8739944,15,12
13,202001,92.45074955,15,1
13,202002,87.26688446,14,2
13,202003,92.57447925,13,3
13,202004,70.98067724,8,4
13,202005,72.86736103,1,5
13,202006,64.48588107,6,6
13,202007,18.2736234,1,7
13,202008,27.40407149,4,8
13,202009,43.26066248,6,9
13,202010,78.3517629,5,10
13,202011,92.69941012,6,11
13,202012,96.4613551,17,12
13,202101,95.10413017,11,1
13,202102,91.90831397,9,2
13,202103,105.6297186,10,3
13,202104,90.81959233,15,4
13,202105,56.18737476,7,5
13,202106,52.44696973,6,6
13,202107,40.334079,5,7
13,202108,33.16447935,6,8
13,202109,58.44843377,11,9
13,202110,91.9742142,8,10
13,202111,125.2055463,11,11
13,202112,125.8754143,18,12
13,202201,114.4738208,14,1
13,202202,105.2862005,9,2
13,202203,113.2568522,14,3
13,202204,79.96488371,11,4
13,202205,109.7767815,8,5
13,202206,54.87902494,4,6
13,202207,39.86529005,5,7
13,202208,36.88052089,3,8
13,202209,68.36953495,10,9
13,202210,91.52436883,15,10
13,202211,101.8369498,16,11
13,202212,104.5901239,16,12
13,202301,114.5011305,8,1
13,202302,104.0657505,11,2
13,202303,82.41787058,11,3
13,202304,89.47265017,21,4
13,202305,45.17685488,9,5
13,202306,100.0160339,21,6
13,202307,25.19894493,7,7
13,202308,82.36440216,17,8
13,202309,98.89797599,11,9
13,202310,125.2214893,19,10
13,202311,123.3186693,21,11
13,202312,117.5975983,11,12
14,201701,401.9507754,117,1
14,201702,352.9890326,140,2
14,201703,289.3660381,118,3
14,201704,247.94114,87,4
14,201705,244.6029711,99,5
14,201706,135.0967835,60,6
14,201707,73.39391789,22,7
14,201708,104.4657768,43,8
14,201709,127.6450014,53,9
14,201710,265.3299745,97,10
14,201711,336.6768877,116,11
14,201712,364.6439168,101,12
14,201801,358.1109944,106,1
14,201802,322.0639984,73,2
14,201803,316.0031632,77,3
14,201804,234.0280768,63,4
14,201805,257.9373115,77,5
14,201806,142.62343,70,6
14,201807,149.2231886,34,7
14,201808,61.70792352,14,8
14,201809,121.9324858,39,9
14,201810,191.520679,77,10
14,201811,256.925553,75,11
14,201812,323.2545202,99,12
14,201901,320.1900831,93,1
14,201902,249.999209,77,2
14,201903,290.8709435,94,3
14,201904,253.2012332,69,4
14,201905,245.4784546,86,5
14,201906,141.7392548,38,6
14,201907,73.74902234,14,7
14,201908,154.3402905,53,8
14,201909,134.4402545,44,9
14,201910,179.7673401,58,10
14,201911,271.8174961,88,11
14,201912,353.5754205,88,12
14,202001,327.2820881,81,1
14,202002,316.7160978,79,2
14,202003,338.7016234,64,3
14,202004,258.884886,19,4
14,202005,263.3467674,25,5
14,202006,230.2923661,30,6
14,202007,65.19029334,9,7
14,202008,97.32728595,24,8
14,202009,153.4848301,24,9
14,202010,278.2921521,54,10
14,202011,329.8798033,63,11
14,202012,348.3500519,65,12
14,202101,344.2248213,51,1
14,202102,331.8727891,48,2
14,202103,381.8365848,52,3
14,202104,331.3185347,49,4
14,202105,210.3813121,32,5
14,202106,196.1062271,30,6
14,202107,151.6783371,14,7
14,202108,127.1975539,20,8
14,202109,224.2992984,28,9
14,202110,354.2029962,62,10
14,202111,483.6714885,81,11
14,202112,485.5228635,85,12
14,202201,442.4946618,48,1
14,202202,413.008794,55,2
14,202203,448.0449965,80,3
14,202204,316.6685721,49,4
14,202205,432.2641721,66,5
14,202206,216.8650476,30,6
14,202207,158.9952174,21,7
14,202208,147.1013144,21,8
14,202209,275.151745,34,9
14,202210,367.5671176,66,10
14,202211,413.7825019,70,11
14,202212,428.2513538,61,12
14,202301,474.0080566,86,1
14,202302,435.1260147,78,2
14,202303,350.7953064,62,3
14,202304,382.4773703,82,4
14,202305,196.5264208,42,5
14,202306,435.0915553,94,6
14,202307,107.7168596,20,7
14,202308,346.809938,98,8
14,202309,447.973885,79,9
14,202310,615.4818742,70,10
14,202311,604.7705413,96,11
14,202312,554.9512465,82,12
15,201701,280.5288298,81,1
15,201702,250.7780758,83,2
15,201703,206.5145837,77,3
15,201704,177.5169927,65,4
15,201705,176.30627,75,5
15,201706,99.07192451,56,6
15,201707,53.48706388,29,7
15,201708,76.79188603,32,8
15,201709,96.0658058,34,9
15,201710,200.7982769,72,10
15,201711,256.3124643,96,11
15,201712,281.3480134,104,12
15,201801,290.4665248,88,1
15,201802,232.7273567,76,2
15,201803,250.2696101,58,3
15,201804,184.81983,52,4
15,201805,201.5802498,70,5
15,201806,109.6903407,47,6
15,201807,113.1818194,34,7
15,201808,46.10915731,14,8
15,201809,91.09228607,28,9
15,201810,141.7290637,66,10
15,201811,188.381631,76,11
15,201812,260.8744058,80,12
15,201901,227.6315114,68,1
15,201902,194.1839465,58,2
15,201903,229.1249279,63,3
15,201904,203.2154521,68,4
15,201905,199.9124793,54,5
15,201906,116.9490131,36,6
15,201907,62.44446815,20,7
15,201908,130.4436878,44,8
15,201909,112.5052645,32,9
15,201910,150.7133347,36,10
15,201911,230.3151923,73,11
15,201912,297.5096547,90,12
15,202001,276.9043457,63,1
15,202002,258.8855854,64,2
15,202003,280.2735939,53,3
15,202004,213.0585615,15,4
15,202005,215.3550641,16,5
15,202006,188.7928003,27,6
15,202007,53.6627609,9,7
15,202008,79.48000005,13,8
15,202009,125.1383303,16,9
15,202010,223.4202869,44,10
15,202011,261.7019653,45,11
15,202012,273.1366026,48,12
15,202101,264.0756189,53,1
15,202102,242.8414802,37,2
15,202103,284.6248961,45,3
15,202104,250.2032389,56,4
15,202105,158.3639765,33,5
15,202106,148.3949686,18,6
15,202107,113.9770475,17,7
15,202108,94.71888981,11,8
15,202109,166.1398148,31,9
15,202110,262.1529534,54,10
15,202111,357.3892323,66,11
15,202112,359.4804153,65,12
15,202201,311.3722271,33,1
15,202202,262.8155498,51,2
15,202203,283.3700149,53,3
15,202204,200.513441,32,4
15,202205,275.8091635,63,5
15,202206,137.1779742,23,6
15,202207,101.1664847,26,7
15,202208,93.80364425,23,8
15,202209,175.4664859,39,9
15,202210,236.2628018,52,10
15,202211,265.1574026,59,11
15,202212,274.3405812,59,12
15,202301,304.1255618,50,1
15,202302,279.8410877,66,2
15,202303,225.235402,66,3
15,202304,244.1348332,66,4
15,202305,123.6047996,40,5
15,202306,272.5617872,54,6
15,202307,67.81300635,16,7
15,202308,217.8148422,101,8
15,202309,252.7541782,60,9
15,202310,318.0845448,71,10
15,202311,310.6386992,87,11
15,202312,292.5247789,79,12
16,201701,151.504143,39,1
16,201702,133.96712,43,2
16,201703,109.6003778,27,3
16,201704,92.73557634,27,4
16,201705,92.06913318,20,5
16,201706,52.74084963,20,6
16,201707,28.85497747,12,7
16,201708,41.83827716,14,8
16,201709,53.45098736,12,9
16,201710,113.4119563,28,10
16,201711,145.3672011,33,11
16,201712,159.6877078,37,12
16,201801,159.3577905,26,1
16,201802,139.2840497,25,2
16,201803,138.4489921,26,3
16,201804,103.029099,17,4
16,201805,112.3800525,27,5
16,201806,61.3949459,21,6
16,201807,63.81053121,15,7
16,201808,26.2090204,6,8
16,201809,52.1918084,14,9
16,201810,82.15503406,18,10
16,201811,110.6768727,21,11
16,201812,142.7471457,23,12
16,201901,138.4878775,31,1
16,201902,109.6226969,32,2
16,201903,127.9957861,28,3
16,201904,112.6466358,16,4
16,201905,109.6634609,17,5
16,201906,63.70359641,12,6
16,201907,33.42987936,4,7
16,201908,69.52100535,22,8
16,201909,60.32834219,7,9
16,201910,80.70607195,16,10
16,201911,121.9041763,22,11
16,201912,158.4603084,37,12
16,202001,148.3789989,24,1
16,202002,141.7061833,32,2
16,202003,153.3271216,20,3
16,202004,115.4910211,5,4
16,202005,116.2160232,10,5
16,202006,102.6977743,11,6
16,202007,29.49890212,4,7
16,202008,44.53390304,6,8
16,202009,70.03200064,6,9
16,202010,126.3698906,18,10
16,202011,149.1739616,17,11
16,202012,156.3102418,22,12
16,202101,154.5599094,14,1
16,202102,148.8513663,20,2
16,202103,169.2726851,17,3
16,202104,147.8225461,34,4
16,202105,93.28079923,16,5
16,202106,87.35493401,14,6
16,202107,66.84844632,6,7
16,202108,55.6875072,5,8
16,202109,98.02690231,14,9
16,202110,155.2288463,18,10
16,202111,212.7316215,23,11
16,202112,214.3031853,28,12
16,202201,195.6337149,21,1
16,202202,179.0924599,26,2
16,202203,192.6270864,15,3
16,202204,138.3513076,21,4
16,202205,190.9547052,30,5
16,202206,95.87356723,15,6
16,202207,70.22212219,10,7
16,202208,64.97102665,10,8
16,202209,121.1006128,18,9
16,202210,162.3456841,22,10
16,202211,182.5628379,19,11
16,202212,188.8067581,17,12
16,202301,209.0800288,31,1
16,202302,193.4164331,31,2
16,202303,156.3959708,29,3
16,202304,170.3539712,30,4
16,202305,92.3687359,17,5
16,202306,218.7581043,26,6
16,202307,55.50597786,1,7
16,202308,184.671822,39,8
16,202309,223.5640644,22,9
16,202310,285.479515,22,10
16,202311,285.6364727,37,11
16,202312,278.4544754,20,12